titulo_o_fuente,texto,origen,url
elisa-carrio-cuestiono-la-visita-peter-thiel-y-advirtio-su-influencia-la-argentina-n6270402,"La líder de la Coalición Cívica, Elisa Carrió, lanzó duras críticas tras la visita del empresario tecnológico Peter Thiel a la Argentina y su reunión con el presidente Javier Milei en la Casa Rosada. Los cuestionamientos apuntan contra los intereses del magnate.
Elisa Carrió cuestionó la visita de Peter Thiel y advirtió sobre su influencia en la Argentina
La líder de la Coalición Cívica apuntó contra el magnate estadounidense. Tildó su visita y su reunión con el presidente Javier Milei como ""preocupante"".
-
Caso ANDIS: Spagnuolo se negó a declarar
-
Oficializaron la designación de Herrmann en reemplazo de Frugoni
A través de su cuenta en X, Carrió calificó la presencia del magnate como preocupante y lo vinculó con intereses que, según sostuvo, atentan contra los valores democráticos.“Lo de Peter Thiel es terrible y que se instale en la Argentina es aún peor”, escribió.
Luego, agregó: “Hay que buscar qué es Palantir. Va en contra de la República, la democracia y las libertades. Es Pentágono puro, es el eje del mal”.
El encuentro entre Javier Milei y Peter Thiel
La reunión entre Javier Milei y Peter Thiel se llevó a cabo con fuerte hermetismo y sin acceso para la prensa acreditada.
Del encuentro participaron también el canciller Pablo Quirno y, días antes, el empresario ya había mantenido contactos con el asesor presidencial Santiago Caputo.
Se trató del segundo encuentro formal entre el mandatario y el magnate. El primero había tenido lugar en mayo de 2024, aunque ambos ya se conocían desde febrero de ese año en un foro internacional.
Quién es Peter Thiel
Thiel es uno de los nombres más influyentes de Silicon Valley y cofundador de PayPal. Su fortuna ronda los u$s27.000 millones y consolidó su perfil como inversor temprano en compañías como Facebook.
Además, es dueño de Palantir Technologies, una firma creada en 2003 con apoyo de la CIA que desarrolla sistemas de análisis de datos utilizados por agencias de inteligencia, defensa y organismos gubernamentales en todo el mundo.
También mantuvo vínculos políticos en Estados Unidos, donde respaldó al expresidente Donald Trump y tuvo relación con el actual vicepresidente JD Vance.
Durante su estadía, Thiel adquirió una propiedad en el exclusivo barrio porteño de Barrio Parque por cerca de u$s12.000.000, lo que alimentó las especulaciones sobre una posible presencia más estable en el país.
La vivienda, ubicada sobre la calle Dardo Rocha, pertenecía previamente al financista Juan Ball.
Reacciones políticas
Las críticas no se limitaron a Carrió. La diputada Kelly Olmos también expresó su preocupación por la visita del empresario y su vínculo con el Gobierno.
“Manifestamos nuestra preocupación por la presencia en Argentina del empresario tecnológico Peter Thiel, dueño de Palantir, y su reunión con representantes del Poder Ejecutivo”, sostuvo, en un mensaje respaldado por otros legisladores.
Además, cuestionó las restricciones a la prensa durante el encuentro y rechazó lo que consideró posiciones contrarias a la democracia.
La visita de Thiel y su acercamiento al Gobierno abrieron un nuevo foco de debate político en torno a la influencia de grandes empresarios tecnológicos en la toma de decisiones estatales.
Mientras desde el oficialismo no se brindaron detalles sobre los temas abordados, desde la oposición surgieron advertencias sobre el rol de compañías vinculadas a inteligencia y defensa en el ámbito local.
- Temas
- Elisa Carrió
- Empresarios",web_trafilatura,https://www.ambito.com/politica/elisa-carrio-cuestiono-la-visita-peter-thiel-y-advirtio-su-influencia-la-argentina-n6270402
javier-milei-se-reunira-peter-thiel-fundador-paypal-y-palantir-n6269616,"El presidente Javier Milei se reunió con el empresario tecnológico Peter Thiel - cofundador de empresas como PayPal y Palantir - en el marco de la visita del inversor al país. La cita tuvo lugar en la Casa Rosada desde las 14 horas y contó con la presencia del Canciller, Pablo Quirno.
Javier Milei recibió al magnate de Sillicon Valley Peter Thiel
El encuentro tuvo lugar en Casa Rosada y contó con la presencia del canciller, Pablo Quirno. Thiel es cofundador de PayPal y de Palantir.
-
Milei, en la cena de la Fundación Libertad: ""Tarde o temprano la inflación y el riesgo país se van a destrozar""
-
Sturzenegger adelantó que en junio enviará la desregulación inmobiliaria al Congreso para bajar costos en la compraventa
La llegada de Thiel a la Argentina ocurrió bajo una lógica de perfil bajo y agenda reservada. En este contexto, no es la primera vez que ambos se verán las caras. Ya en 2024, el empresario participó de un encuentro en Casa Rosada, junto a Alec Oxenford - embajador argentino en EEUU - quién aseguró que el dueño de Palantir le confesó que ""cree que las ideas de Javier Milei son tan relevantes a nivel global como lo son para Argentina"".
Javier Milei recibió a Peter Thiel en la Casa Rosada
La reunión en Casa Rosada será una más de las que mantendrá con el gobierno libertario. Según trascendió, Thiel también se reunió con el asesor presidencial Santiago Caputo, el gran responsable del diseño comunicacional de la gestión de Milei, con fuerte presencia en las redes sociales.
""La visita a la Argentina de @peterthiel, uno de los entrepreneurs y pensadores de mayor impacto global, me recordó su primera visita a la Casa Rosada en mayo de 2024 en la que nos reunimos con el Presidente Milei"", confirmó Oxenford y recordó el encuentro ocurrido dos años atrás.
Durante el fin de semana, Peter Thiel estuvo presente en el estadio Monumental para asistir al Superclásico. Además,
El interés de Thiel en el Superclásico no fue meramente deportivo. Su foco estuvo puesto en analizar cómo se articulan fenómenos culturales, sociales y dinámicas colectivas en espacios de alta concentración como el fútbol argentino.
Quién es Peter Thiel, uno de los empresarios más influyentes de Silicon Valley
El empresario tecnológico es una de las figuras más influyentes —y controvertidas— del ecosistema de Silicon Valley. Cofundador de PayPal junto a Elon Musk, también está detrás de Palantir Technologies, una firma clave en el cruce entre tecnología, seguridad y geopolítica.
Palantir, creada en 2003 con respaldo de la CIA, desarrolla plataformas de análisis de datos utilizadas por agencias de defensa, inteligencia y organismos estatales, además de clientes privados en todo el mundo. Desde su origen, la compañía se especializó en procesar grandes volúmenes de información provenientes de múltiples fuentes para detectar patrones y facilitar la toma de decisiones en entornos complejos.
Al frente de la empresa está Alex Karp, cofundador y actual CEO, quien comparte con Thiel un pasado académico en Stanford. Karp, considerado por TIME como una de las 100 figuras más influyentes en inteligencia artificial, defendió en reiteradas ocasiones el uso de estas tecnologías incluso en contextos sensibles. “Sí, nuestra tecnología se usa para matar a gente”, afirmó en una entrevista, en referencia a su aplicación en la lucha contra el terrorismo.
El propio nombre de la compañía refleja su lógica operativa: “Palantir” remite a los artefactos ficticios de El Señor de los Anillos que permitían observar acontecimientos lejanos. La analogía no es casual: su software busca justamente integrar datos dispersos para ofrecer una visión estratégica unificada.
Más allá de su rol empresarial, Thiel también es un actor relevante en la política estadounidense. Fue uno de los primeros referentes de Silicon Valley en alinearse con Donald Trump y mantiene vínculos con figuras clave del Partido Republicano, como JD Vance. Además, financia campañas políticas de cara a las elecciones de medio término de 2026.
Su influencia en el mundo tecnológico también se extiende a inversiones tempranas en compañías como Facebook, SpaceX y OpenAI, a través de su firma Founders Fund.
En paralelo, Palantir consolidó una fuerte presencia en el sector público, con contratos millonarios con el Pentágono, el Servicio de Inmigración y Control de Aduanas (ICE) y el sistema de salud del Reino Unido. Esta expansión no estuvo exenta de críticas por el potencial uso indebido de sus tecnologías en materia de vigilancia y privacidad.
En el plano ideológico, tanto Thiel como Karp impulsan una visión en la que la tecnología —y particularmente la inteligencia artificial— ocupa un rol central en la seguridad global. En esa línea, desde la compañía sostienen que el debate no pasa por si se desarrollarán armas basadas en IA, sino por quién las controlará.
“Silicon Valley ha perdido el rumbo”, planteó Karp en su libro The Technological Republic, libro desde donde la empresa obtuvo los fundamentos del manifiesto que publicaron el lunes pasado y que disparó grandes debates. Allí, se cuestiona el distanciamiento entre la industria tecnológica y los intereses estratégicos de Estados Unidos. Allí también sostiene que el sector tiene una “deuda moral” con el país que impulsó su desarrollo.
- Temas
- Javier Milei
- Silicon Valley",web_trafilatura,https://www.ambito.com/politica/javier-milei-se-reunira-peter-thiel-fundador-paypal-y-palantir-n6269616
peter-thiel-en-argentina-negocios-poder-y-senales-al-modelo-milei.phtml,"La presencia de Peter Thiel en la Argentina no es una visita más. Cofundador de PayPal, inversor temprano de Facebook y referente de la elite tecnológica global, el empresario desembarcó en el país en un momento político y económico particular, marcado por la apuesta del Gobierno de Javier Milei a un esquema de apertura, desregulación y atracción de capitales.
Con una fortuna estimada en torno a los USD 30.000 millones, Thiel combina influencia económica con peso ideológico: es uno de los empresarios más identificados con el pensamiento libertario a nivel global. Su llegada, en ese sentido, también funciona como una señal política, en línea con el intento oficial de posicionar a la Argentina como un destino atractivo para inversiones de alto impacto.
Durante su estadía, el magnate mantuvo contactos con funcionarios del Gobierno y figuras cercanas al oficialismo, en una agenda que incluyó reuniones con asesores clave y vínculos con áreas estratégicas del Estado. Incluso, su presencia trascendió lo estrictamente empresarial y se movió también en el plano político y simbólico.
Qué mira Thiel y por qué Argentina entra en su radar
Detrás de la visita hay un interés concreto: identificar oportunidades en un mercado que, pese a su inestabilidad histórica, vuelve a aparecer en el radar de inversores internacionales. En el caso de Thiel, el foco está puesto en sectores vinculados a la tecnología, los datos, la inteligencia artificial y la economía del conocimiento, áreas donde el empresario construyó su poder global.
Corrientes se asocia con el gigante Amazon: cómo anotarse a los cursos gratuitos de IA
Pero no es lo único. También analiza inversiones en activos tradicionales, como el real estate en la Ciudad de Buenos Aires y en la Patagonia, en una lógica que combina apuestas de largo plazo con oportunidades de valuación en economías en transición.
La lógica de inversión de Thiel no es coyuntural: históricamente busca entornos donde confluyen cambios regulatorios, talento disponible y margen para escalar negocios disruptivos. En ese esquema, la Argentina aparece como un caso de alto riesgo, pero también de alto potencial.
Negocios, ideología y vínculo con el poder
El desembarco del empresario también tiene una dimensión política. Thiel es un actor con fuerte influencia en Estados Unidos, cercano a sectores conservadores y con posiciones críticas sobre el rol del Estado y la democracia tradicional, lo que lo acerca ideológicamente al discurso libertario.
Ese punto no es menor: su interés por la Argentina se da en un contexto en el que el Gobierno busca validar su programa económico ante el “círculo rojo” global. La llegada de figuras como Thiel refuerza ese intento, aunque no necesariamente implica inversiones inmediatas, sino más bien una fase exploratoria.
En ese marco, la visita deja una doble lectura. Por un lado, evidencia que la Argentina volvió a entrar en la conversación de inversores de peso global. Por otro, confirma que el interés está condicionado a la estabilidad macroeconómica, la consolidación política y la capacidad del Gobierno para sostener su rumbo.",web_trafilatura,https://www.perfil.com/noticias/nea/peter-thiel-en-argentina-negocios-poder-y-senales-al-modelo-milei.phtml
thiel-en-argentina-que-piensa-y-que-planea-el-dueno-de-palantir-que-se-reunira-con-milei-2026423103234,"Esta tarde Javier Milei recibió en la Casa Rosada a Peter Thiel, dueño de Palantir, una de las compañías más poderosas del planeta, si no la más poderosa, y probablemente la persona más influyente en el actual gobierno de Estados Unidos. Aunque no es la primera vez que se encuentran, esta reviste connotaciones especiales porque sucede en circunstancias especiales.
Thiel llegó a la Argentina antes del 6 de abril, hace más de dos semanas, a bordo de su avión privado modelo Bombardier Global 7500, un jet que tiene un precio de mercado cercano a los 80 millones de dólares y un costo operativo de casi 10 mil dólares la hora. En el mismo avión hizo y planea hacer viajes por distintos puntos del país. Esta es su tercera visita a la Argentina desde que asumió Milei.
Este proyecto lo hacemos colectivamente. Sostené a El Destape con un click acá. Sigamos haciendo historia.
El dueño de Palantir había comprado una mansión de Barrio Parque durante el año pasado y ahora estuvo averiguando por propiedades en la Patagonia. También, de acuerdo al testimonio de empresarios que estuvieron reunidos con él, manifestó su voluntad de quedarse al menos dos meses en la Argentina, donde su empresa tiene negocios vinculados a la seguridad pública y a la ganadería privada.
Sin embargo no son esos negocios los que lo trajeron hasta Buenos Aires sino la curiosidad por la gestión anarcocapitalista de Milei, el experimento a mayor escala de algunas ideas que Thiel viene desarrollando e impulsando desde su juventud. Desde la Argentina el magnate publicó este fin de semana en la cuenta de Palantir el primer manifiesto político de una corporación digital.
El texto, de corte netamente racista y militarista (hay una palabra para eso), tiene complejas implicancias para el futuro de la humanidad. Thiel no es sólo un multimillonario con opiniones políticas. Es, al mismo tiempo, un filósofo con un sistema ideológico coherente y el empresario que desarrolló la infraestructura técnica y financiera que permite aplicar ese sistema en el mundo real.
Una infancia racista
Peter Thiel nació en Frankfurt, Alemania, en 1967 pero cuando tenía apenas un año sus padres decidieron mudarse a Estados Unidos y luego, rápidamente, a Sudáfrica. Klaus Thiel trabajó como ingeniero químico en la mina de Rössing, en lo que ahora es Namibia, una ex colonia alemana donde se refugiaron muchos nazis después de 1945 y que luego fue ocupada por el gobierno blanco sudafricano.
En Rössing, bajo la supervisión de Klaus Thiel, trabajadores negros en condiciones esclavas extraían uranio sin conocer siquiera la naturaleza radioactiva del material que manipulaban. No se conoce la cantidad de víctimas por la misma naturaleza brutal del sistema. La iniciativa era parte de un programa nuclear clandestino de Sudáfrica y estaba protegida por un ejército privado.
El niño Thiel se crió en Swakopmund, una ciudad donde hasta bien entrada la década del ‘70 era habitual escuchar el saludo ‘heil Hitler’, y asistió a escuelas donde no se permitían negros y se conmemoraba la fecha del nacimiento del jerarca nazi. Recién en 1977 la familia decidió regresar a Estados Unidos, más precisamente a California, donde Peter continuará sus estudios y comenzará su carrera empresarial.
Monopólico, autoritario y elitista
En Stanford conoció a algunas de las personas que más influyeron en sus ideas. La primera fue Arne Panula, un sacerdote del Opus Dei que se había formado directamente en el entorno de Josemaría Escrivá de Balaguer, fundador de “la Obra”. La segunda fue el filósofo francés René Girard, que fue su profesor y marcó hondamente a Thiel, y con él, la historia del mundo.
El pensamiento político del dueño de Palantir está asentado sobre tres pilares. El primero es la teoría del deseo mimético de Girard, que sostiene que el deseo no es propio sino imitado, que la competencia genera violencia y que la solución a esa violencia son los monopolios. “La competencia es para perdedores”, escribió Thiel en su best-seller De cero a uno, publicado en 2014.
Del filósofo alemán Carl Schmitt adoptó la distinción amigo/enemigo como eje esencial de lo político, la idea de que soberano es quien decide sobre la excepción y el concepto del katechon: una fuerza que contiene la llegada del Anticristo y por lo tanto no debe estar limitada por las leyes que rigen sobre las personas. Para Schmitt era el Estado; Thiel tiene una interpretación diferente.
Por último, de Leo Strauss, el filósofo de la escritura esotérica, tomó la convicción de que los textos y otros mensajes tienen dos niveles de lectura, uno para el público en general, otro para los iniciados, y que son esas élites intelectuales que acceden al segundo nivel de lectura quienes deben hacerse cargo de las responsabilidades de gobierno. Un pensamiento monopólico, autoritario y elitista.
La mafia de PayPal
Una vez que concluyó sus estudios, Thiel fue a probar suerte en Wall Street pero rápidamente volvió a California, donde fundó su primera start-up: Confinity, una app de pagos. En el año 2000 se asocia con otro ex estudiante de Stanford, criado, como él, en el lado blanco del Apartheid sudafricano, llamado Elon Musk, fundador de X.com, otra app de pagos. El resultado de la fusión fue bautizado PayPal.
En 2002 vendieron PayPal por 1500 millones de dólares. La operación los volvió millonarios a los dos y junto a ellos a un grupo de jóvenes accionistas y ejecutivos de la compañía, que recibieron una parte del arreglo. Son 14 hombres que con ese capital crearon las empresas que dieron forma al ecosistema de Silicon Valley tal como lo conocemos hoy en día.
Entre ellos hay fundadores, financistas y directores de compañías como Youtube, Linkedin, Facebook, Airbnb, Pinterest, OpenAI, Reddit, entre muchas otras. Los conocen como la “PayPal Mafia” y las estimaciones sobre su fortuna actual acumulada es de más de un billón de dólares, sin contar a Musk, el hombre más rico del mundo, que agrega otros 800 mil millones de dólares a la canasta.
Entre ellos aparecen otros “niños del Apartheid”. David Sacks, exjefe operativo de PayPal, hoy asesor de Donald Trump en materias de IA y cripto, nació y vivió sus primeros años en Ciudad del Cabo. Roelof Botha, ex CFO de PayPal y socio de Sequoia Capital, un fondo de capitales de riesgo, es nieto del último ministro de Relaciones Exteriores de Sudáfrica bajo el régimen racista. Genealogías del poder.
Palantir: crisis y oportunidad
La empresa que representa como ninguna otra el poder concentrado de esta oligarquía algorítmica es Palantir Technologies, fundada por Peter Thiel en 2003 con dinero de la venta de PayPal para aplicar una tecnología desarrollada por PayPal. Su idea era utilizar los algoritmos con los que la aplicación detectaba fraudes complejos y usarlos para seguir la ruta del dinero que financia al terrorismo.
Después del 11S el paradigma de inteligencia de Estados Unidos había entrado en crisis. Para Thiel fue una oportunidad. Él sostenía que el fallo no había sido en la recolección de datos sino en el tratamiento que se les daba, compartimentado entre muchas agencias que eran incapaces de conectar los puntos dispersos. Esa era la misión de Palantir: conectar puntos para ver lo que no se observa a simple vista.
La primera inversión institucional que recibió fue de In-Q-Tel, una subsidiaria de la CIA. El acuerdo les permitió trabajar desde un primer momento codo a codo con los analistas en los cuarteles de la Compañía, en Langley. Esa colaboración cotidiana permitió un desarrollo orgánico que se adaptaba permanentemente a las nuevas necesidades. Un sistema creado por la CIA para la CIA.
Para 2013, además, brindaba servicios al Departamento de Seguridad Nacional, el Cuerpo de Marines, la Agencia Nacional de Seguridad, la Fuerza Aérea entre otras dependencias estatales. Diversas investigaciones calculan que entre 2009 y 2025 Palantir obtuvo más de 2700 millones de dólares en contratos con dinero público del erario de los Estados Unidos.
Contra la democracia
En el interín Thiel comenzó a publicar ensayos y dar conferencias donde delineaba su pensamiento político. En 2009 publica “La educación de un libertario”. De allí una de sus frases más citadas: “Ya no creo que la libertad y la democracia sean compatibles”. Un año más tarde, en otra conferencia, dijo que “la tecnología permite cambiar el mundo sin tener que convencer gente que nunca va a estar de acuerdo”.
No fue sólo una reflexión sino una guía para actuar. Thiel financió desde entonces diversos proyectos que apuntaban a formas posdemocráticas de organización política: desde las ciudades-empresa que proponía el bloguero Curtis Yarvin hasta los estados isleños en altamar que diseñó el nieto de Milton Friedman pasando por Praxis, una “nación digital” que planea instalarse en Groenlandia.
En 2016 fue uno de los primeros empresarios en apoyar la candidatura presidencial de Donald Trump. Incluso fue uno de los oradores destacados en la Convención Republicana que formalizó esa postulación. Durante el primer mandato de Trump, sin embargo, toma cierta distancia por considerar que las políticas que estaba llevando adelante no eran lo suficientemente rupturistas.
El cruce del Rubicón
En los primeros días de 2019 hubo una conversación por email entre ejecutivos de facebook, entre los que se encontraba Thiel: “El 70 por ciento de los millennials en Estados Unidos dijo que votaría por el socialismo. Las Big Tech, o cualquier cosa así de grande, son particularmente impopulares. Para bien o para mal, es difícil reconciliarlos con Silicon Valley”, señaló Nick Clegg, jefe de institucionales.
La respuesta de Thiel: “La respuesta me parece bastante clara: cuando uno tiene demasiadas deudas o la vivienda es inasequible, tendrá un capital negativo durante mucho tiempo y/o le resultará muy difícil empezar a acumular capital mediante inversiones inmobiliarias; y si uno no está invertido en el sistema capitalista, es muy probable que se vuelva en su contra.”
Todo lo que sucedió a partir de ese momento debe ser encuadrado en ese marco: el de tipos muy poderosos tratando de mantener el sistema capitalista sacrificando su componente democrático. Un año más tarde, cuando Trump intentó hacer un golpe de Estado, Silicon Valley le jugó en contra pero demostró un poderío inédito, llegando a censurar las cuentas del presidente de Estados Unidos.
Fue el cruce del Rubicón. Muchos lo celebraron porque estaban en contra de Trump, creyendo que otorgarle mecanismos de censura supra-estatal a mega corporaciones monopólicas podía resultar auspicioso. La historia ya sabemos cómo siguió: Trump aprendió la lección, pactó con Silicon Valley, volvió a presentarse a elecciones cuatro años más tarde y las ganó.
“Todos transicionan a Palantir”
Con el segundo gobierno de Trump todo cambió. En abril de 2025 un funcionario norteamericano dijo en off the record a CNN: “Everyone is transitioning to Palantir”. La frase describe una transferencia de poder que no se anuncia sino que se ejecuta silenciosamente, contrato por contrato, cargo por cargo, base de datos por base de datos. Es la transición a la postdemocracia.
Hay más de una docena de personas que tienen vínculos directos con Peter Thiel y ocupan posiciones clave, empezando por el vicepresidente JD Vance, que se encuentra literalmente a un paso del Salón Oval y debe toda su carrera, primero como empresario y luego como político, a los aportes económicos y la influencia de su patrón, Thiel.
Elon Musk dirigió DOGE durante los primeros meses de la administración. David Sacks es el zar de IA y cripto. Michael Kratsios, durante siete años jefe de gabinete de Thiel, hoy dirige la oficina de Política Científica y Tecnológica. Jacob Helberg, ex asesor estrella de Palantir, es subsecretario de Estado. Ken Howery, cofundador de PayPal, es embajador Dinamarca, con jurisdicción sobre Groenlandia.
La colonización del organigrama civil no fue suficiente. El 13 de junio de 2025, en el Pentágono, se tomó juramento a cuatro ejecutivos de Palantir, Meta y OpenAI como teniente coronel de la reserva del Ejército, un cargo que normalmente requiere al menos 15 años de experiencia militar. Ninguno tiene experiencia militar. No hicieron entrenamiento básico ni examen físico. Todos seguirán en sus funciones privadas.
En julio se anunció un contrato sin precedentes por 10 mil millones de dólares, que centralizó toda la inteligencia logística y operativa del Pentágono: Palantir se convirtió en el sistema operativo del gobierno norteamericano. Mucho más que un contratista: un socio. Ese es el núcleo de la reestructuración de las relaciones entre Estado, capital, tecnología y democracia en el siglo XXI.
Venezuela, Minnesota, Irán: bautismos de fuego
El 3 de enero Estados Unidos, utilizando software de Palantir, dio un golpe de Estado en Venezuela y secuestró a su presidente, Nicolás Maduro. Dos semanas más tarde, también sobre sistemas diseñados por la empresa de Thiel, la policía migratoria tomó por asalto la ciudad norteamericana de Minnesota. Disfrazaban como represión a inmigrantes una operación de inteligencia interna.
El 28 de febrero Estados Unidos bombardeó a Irán. Los blancos se eligieron a través de Palantir. Entre ellos, una escuela de niñas en la que murieron 168. Es la primera guerra en la que Silicon Valley toma decisiones estratégicas y están fracasando. El costo lo paga Trump. Quien espera es JD Vance. Lo que no está fracasando es la toma del Estado por parte de Thiel.
Hoy Palantir moldea la política y no al revés. El debate sobre la utilización de armas autónomas, como los drones, gira en torno al concepto de “humans in the loop”, humanos en el circuito: ¿es necesaria la supervisión humana a decisiones de máquinas de matar? El algoritmo ya vigila, procesa los datos, decide los blancos y ejecuta. Sólo queda una persona que autoriza clickeando “OK”. Quieren sacarla.
El debate es aterrador pero a su vez esconde una discusión más profunda, porque la misma pregunta sobre la necesidad de humanos en el circuito puede aplicarse a otras decisiones que hoy se está delegando en el algoritmo, es decir en manos privadas: las asignaciones de partidas, los planes ejemplos, la persecución de disidencias son sólo tres ejemplos de procesos que pueden autonomizarse.
El anticristo y el final de la democracia
Ese es el final de la democracia que planea Thiel, que hoy moldea la política norteamericana (y no al revés). En los últimos años cambió su idea de una red de ciudades-empresa descentralizada por la de un gran Leviatán estatal a imagen y semejanza del Partido Comunista Chino. Pero en lugar de oponerse a las fuerzas del capital, el Katechon de Palantir se propone desatarla.
Su obsesión con la idea de Anticristo lo llevó, a partir del año pasado, a dar una serie de conferencias al respecto. Thiel plantea que las regulaciones a la tecnología, el pensamiento woke y la tolerancia con otras culturas son una amenaza que, a través de la política, pone límites al Katechon y por lo tanto acelera la llegada del fin del mundo. Por lo tanto, se sigue, vale todo para combatirlo.
En esta lectura, el anticristo es una suerte de Estado único global con capacidades totales de vigilancia y control que impone su ideología y un modelo de desarrollo económico y tecnológico a todos. Es curioso porque parece que se estuviera describiendo a sí mismo pero cuando le preguntan sobre este asunto él prefiere decir que lo identifica con figuras como la activista Greta Thunberg.
Sin política en el circuito
La teoría política no tiene un nombre para lo que está sucediendo. No es lobby. El lobby busca influir en los gobiernos, no reemplazarlos. No es plutocracia, en el sentido clásico. Los plutócratas compraban políticos, no construían la infraestructura que hace funcionar al Estado. Tampoco es el complejo militar-industrial del que advertía Eisenhower en 1961: una alianza del gobierno y los contratistas.
Esto es la absorción de las funciones críticas del Estado por parte de un grupo de amigos que simultáneamente fabrica las armas, gestiona la inteligencia, opera las comunicaciones, controla los datos y ocupa los cargos clave que deberían supervisar todas esas operaciones. No politics in the loop. Thiel escribió en 2009 que su libertad y la democracia son incompatibles. Ahora lo puso en práctica.
El desembarco de Palantir en Argentina
Apenas dos meses después de que Javier Milei asumiera, Peter Thiel vino a visitarlo a la Casa Rosada por primera vez. Fue el 27 de febrero de 2024, el encuentro duró casi dos horas y figura en la planilla de visitas. El magnate volvió el 8 de mayo para una segunda reunión que no figura en los registros. Alec Oxenford, contacto entre los dos y embajador en Estados Unidos, lo posteó en sus redes.
Oxenford dijo, en ese tuit, que para Thiel “las ideas de Milei son tan relevantes a nivel mundial como lo son para Argentina”. Curiosamente, ayer, en el marco de la tercera visita de Thiel al país, volvió a postear y habló de la reunión de mayo de 2024 como el primer encuentro del empresario con el presidente argentino, omitiendo la reunión documentada de febrero. Preguntas que nadie va a responder.
Desde un primer momento, el gobierno de Milei viene dictando leyes, decretos y reglamentos para preparar el desembarco de Palantir. El resultado de las reformas (ley Bases, ley Anti Mafias, SIDE, reglamentos de las fuerzas, manejo de bases de datos públicas) es funcionalmente idéntico a los requisitos operativos de las plataformas que ofrece Palantir.
Por lo menos desde el año pasado que existen conversaciones de la empresa con el ministerio de Seguridad que encabezaba entonces Patricia Bullrich. Hoy, un par de horas antes de que Peter Thiel visite por tercera vez la Casa Rosada, se inaugura el Centro Regional de Información y Análisis sobre Crimen Organizado con presencia de funcionarios del gobierno norteamericano.
Fascismo y genocidio
En los últimos meses se hizo viral el video de una charla del CEO de Palantir, Alex Karp, con inversores, en el que, en un tono muy alegre, cuenta sobre sus éxitos en Estados Unidos y otros países que no tiene permitido nombrar. Un par de minutos más tarde dice que el trabajo que está haciendo la empresa es “tratar de asustar a sus enemigos, y en algunos casos matarlos”.
Palantir fue una herramienta central en el genocidio en Gaza. Desde la Argentina, Thiel mandó a publicar una publicidad completa en el New York Times donde dice solamente “Palantir banca a Israel”. Poco después, desde sus redes, la empresa publicó un manifiesto político, el primero en la historia de ese tipo firmado por una corporación privada, basado en el libro de Karp La República Tecnológica.
El manifiesto tiene tres ejes. El primero habla sobre el deber patriótico de Silicon Valley con Estados Unidos; el segundo acerca la necesidad de apostar por el “poder duro” por sobre la diplomacia y el “soft power”; el tercero remite a racismo (algunas culturas son buenas y otras dañinas), vigilancia (Palantir debe participar de la lucha contra el crimen) e impunidad para quienes toman estas decisiones.
Lo que debe leerse entre líneas: el manifiesto es una hoja de ruta para la toma del poder absoluto del Estado, la transformación definitiva del capitalismo democrático de consumo en un capitalismo autoritario para embarcar a todo el hemisferio en una guerra existencial contra China. La carrera tecnológica ya está perdida. La única forma de ganar es usando la violencia a una escala nunca conocida por el hombre.
La hoja de ruta
Ese plan se está cumpliendo. Donald Trump prepara una economía de guerra. El 3 de abril la Casa Blanca presentó al Congreso un presupuesto provisorio para 2027 que contempla una partida de 1,5 billones de dólares para gastos militares. Al presentarlo en el Congreso, el director de presupuesto planteó la necesidad de una reconversión productiva estructural del aparato bélico.
En enero se había publicado el plan nacional de Defensa, que ya hablaba de “poner todo el sistema de adquisiciones y la base industrial en pie de guerra”. El mismo documento identifica a China como “amenaza de largo plazo”. Además, Trump prohibió a las contratistas de defensa que repartan dividendos o aumentaran sueldos a sus ejecutivos para reinvertir todo el excedente en más producción.
Hace dos semanas el gobierno norteamericano anunció que las principales automotrices van a reconvertir parte de sus propias operaciones en líneas de producción de armamento, algo que no sucedía desde la segunda guerra mundial. A partir de diciembre de este año se implementará un sistema de inscripción automática al Servicio Militar.
El verdadero final
Alguien podría creer que Peter Thiel está provocando una guerra mundial para su beneficio económico. Es una lectura incompleta. Thiel piensa más allá. Piensa, por ejemplo, en volverse inmortal. En 2015, en una conferencia dijo: “La muerte es mala, está mal, no hay que aceptarla y hay que combatirla por cualquier medio"". Como hemos visto, él es un hombre de acción. Dice y hace. Por cualquier medio.
El moderador de esa charla fue el periodista Ross Douthat. Diez años más tarde el mismo Douthat le hizo una extensa nota para el NYT donde le preguntó: ""Preferirías que la raza humana perdure, ¿no?"". Thiel duda la respuesta. Pausa larga. Douthat: ""Estás dudando."" Thiel: ""No sé…"" Douthat: ""Es una duda muy larga."" Thiel, finalmente: ""Sí, pero…"". En ese “pero” está resumido su proyecto.
“Sí, pero no todos”: allí confluyen el elitismo de Strauss, la violencia de Girard, el excepcionalismo de Schmitt, el genocidio de Israel: la humanidad, quizás sobreviva. Los seres humanos… bueno, eso es otra cosa. Thiel cree en el transhumanismo: está inscripto para ser criopreservado al morir. Financió biolaboratorios de longevidad, investigaciones de IA aplicadas. Experimentó con su propio cuerpo.
Lo que no llega a apreciar, en medio de la vorágine, es que él también es descartable. Que él y los suyos, la lumpenoligarquía de Silicon Valley que parasita occidente, son vectores de un capital autónomo, que se salió de control y en su loop retroalimentado de acumulación, concentración y violencia amenaza con destruirlo todo. Y cuando esa tarea esté completa no habrá nadie para recordarlo.",web_trafilatura,https://www.eldestapeweb.com/politica/thiel-en-argentina-que-piensa-y-que-planea-el-dueno-de-palantir-que-se-reunira-con-milei-2026423103234
,"Peter Thiel está en Argentina. Para quiénes conocen al personaje, la noticia cayó como una bomba. Con 29.300 millones de dólares, Thiel está en el puesto 87 de los más ricos del mundo según Forbes. Forma parte del pequeñísimo Olimpo de tecnomagnates que viven aislados de la realidad de las mayorías, la que reducen a problemas cuantitativos capaces de ser resueltos por sus herramientas tecnológicas justificadas por delirios libertarios y meritocráticos.
Thiel en particular no se conforma con prometer soluciones para el mundo que solo lo enriquecen como la mayoría de los otros tecnomagnantes. Él también cuenta con Palantir como herramienta tecnológica para superar los límites de la democracia y el progresismo, culpables, según él, de la decadencia occidental. Ese Peter Thiel que avanza en acuerdos de uso tecnológico para el poderío militar de los Estados Unidos es el que este jueves se reuniò con el presidente argentino Javier Milei, el mismo día que ‘casualmente’ se prohibió el ingreso de periodistas a Casa Rosada.
Los primeros pasos
Thiel nació en Alemania en 1967, al año se mudó a California, luego a Sudáfrica y en 1977 definitivamente a los EE.UU. Maestro de ajedrez, estudió filosofía en Stanford, donde publicó un periódico para difundir sus ideas libertarias.
Su primera gran empresa fue PayPal, una de las primeras Fintech del mundo. Luego de competir con Elon Musk, quien tenía un proyecto similar, decidieron unir fuerzas. Musk era el CEO de la nueva empresa cuando se fue de luna de miel: al volver encontró a Thiel en su sillón. Para sorpresa de todos el temperamental sudafricano no lo tomó tan mal y siguen siendo amigos hasta hoy.
Una anécdota que aparece en la biografía de Musk de Walter Isaacson lo pinta de cuerpo entero: en el año 2000 Musk le quiso mostrar su McLaren nuevo y Thiel subió pero no se puso el cinturón de seguridad. Según su ideología libertaria no se puede obligar a nadie a hacer nada que no quiera, incluso si afecta su seguridad y la de los demás. Musk arrancó tan rápido que rompió el eje trasero del auto que salió volando luego de dar contra un terraplén. Ambos salieron ilesos.
Luego de la venta de PayPal, Thiel se dedicó a financiar otros proyectos, entre ellos nada menos que Facebook.
El gatillo de la IA
En 2003, al calor de la caída de las torres gemelas, fundó Palantir, una empresa que utiliza grandes cantidades de datos y los procesa con IA para encontrar patrones. El nombre hace referencia a las piedras “palantiri” que permiten ver «más allá», inventadas por J.R.R. Tolkien para El señor de los anillos. Esta es no solo la principal fuente de su fortuna sino también de su poder.
En el gobierno de Donald Trump, Palantir creció abruptamente en contratos e integración con el aparato administrativo norteamericano. J.D. Vance, el vicepresidente de EE.UU. fue prácticamente ungido por Thiel quien le dio un firme apoyo financiero para la campaña.
Actualmente, Palantir es parte de múltiples reparticiones, desde el criticado servicio dedicado a detectar inmigrantes ilegales, el ICE, hasta el IRS (el ARCA estadounidense) o proyectos militares como los ataques a Venezuela o Irán.
Su empresa tiene acceso a información muy sensible que procesa con los problemas típicos de la IA: la cantidad de falsos positivos sobre supuestos inmigrantes ilegales abonaron a la mala reputación del ICE y Palantir. Como explica la investigadora Francesca Bria, Palantir está construyendo el «sistema operativo» del Estado norteamericano. Incluso su jefe tecnológico, Shyam Sankar, tiene rango militar de Teniente Coronel.
El CEO de la empresa, Alex Karp, es su amigo de los tiempos de Stanford. Karp se doctoró en filosofía en Alemania y tiene una gran afinidad ideológica con Thiel, según se puede ver en su libro (escrito junto a Nichola Zamiska) llamado La República tecnológica en el que sostiene que “Silicon Valley ha perdido el rumbo”, se aburguesó y desarrolló tecnología de punta para hacer AI Slop y compartir fotos en lugar de luchar patrióticamente por su país.
Esta misma semana publicó una suerte de manifiesto sacado de su libro con 22 máximas entre las que se cuentan, por ejemplo, una crítica a la «superficial tentación de un pluralismo vacío y hueco». También asegura que la IA será desarrollada tarde o temprano y EE.UU. debe hacerlo antes que sus enemigos, que «la decadente» clase dirigente debe actuar antes de que sea tarde. «Los límites del poder blando, de la simple retórica gradilocuente, han quedado expuestos»: lo que se necesita es poder puro y duro. Todo realizado horas antes de la reunión con Milei.
En resumen, el posteo de Palantir da un marco teórico que podría explicar, a grandes rasgos, el caprichoso derrotero de la política de Trump: su desprecio por las instituciones internacionales, sus decisiones unilaterales, la apuesta a la tecnología (sobre todo la IA) quitando regulaciones que «dificultarían» su desarrollo y su obsesión por impedir que China siga creciendo.
Thiel, casado con Matt Danzeisen, que fue presidente de BlackRock y con quien tiene dos hijos por vientres subrogados, es (al igual que La Libertad Avanza) un fervoroso agresor de lo que llama la «cultura woke».
En cualquier caso, para Thiel y Karp el mundo que se viene, según esta perspectiva, no es para ‘tibios’. Incluso, tampoco es para la «democracia capitalista» a la que en un artículo de 2009 consideró un oxímoron debido al Estado de Bienestar y el voto femenino. En un curso que dio el año pasado llamó «legionaria del Anticristo» a la activista sueca Greta Thunberg, por ser un obstáculo para el desarrollo tecnológico. El listado de pinceladas que describe al personaje podría seguir por varias páginas más. Pero la pregunta urgente es qué hace en la Argentina.
A ver qué pasa
Thiel lleva varios días en nuestro país como revelaron los periodistas Iván Schardrosky y Alejandro Bercovich. Según pudo rastrear a través de distintas fuentes, Thiel se compró una casa en Argentina con la idea de instalarse para entrevistar de primera mano a empresarios, funcionarios y hasta el Presidente, a fin de comprender mejor en qué está el experimento libertario de Javier Milei.
El empresario ya se reunió el lunes con Santiago Caputo, luego de que Palantir publicara el manifiesto “tecnofascista” antes mencionado, donde propone la vuelta al servicio militar obligatorio y sentencia el fin de una era de consensos y poder blando.
Thiel debe estar preocupado por las dificultades de sostener gobiernos de ultraderecha en el mundo, los mismos en cuyas elecciones colaboró de distintas formas. Candidatos como Trump, Bolsonaro o Milei pudieron canalizar la frustración y el enojo de las mayorías con la clase política pero una vez en el poder profundizaron la brutal concentración de los recursos y el achicamiento del Estado.
Cuando la incorrección política, el ataque a la cultura ‘woke’ y la ideología de género, o la culpabilización de los inmigrantes por todos los males nacionales no se traducen en mejoras concretas para la población inevitablemente la esperanza cae. Si bien es apresurado hablar de un reflujo de la ultraderecha en el mundo, está claro que no le resulta simple estabilizar un rumbo político y económico en el mediano o largo plazo, al menos en un marco democrático.
Capitalismo de vigilancia
Ahí es donde entra la tecnología: en sociedades en crisis de todo tipo, desde económicas hasta de salud mental, protestas atomizadas y minorías intensas, los consensos democráticos resultan muy difíciles de sostener. Para ganar las elecciones se hicieron campañas hipersegmentadas, pero una vez en el poder, se podría decir que la única verdad es la realidad, más difícil de negar.
Por eso de manera bastante explícita Thiel y también Karp, junto a otros «intelectuales» de derecha, creen que la única solución posible es un sistema autoritario. ¿Cómo sostener un régimen a pura coerción, algo que ya Antonio Gramsci hace un siglo dijo tenía patas cortas? Para ellos la solución pasa por el control individualizado gracias a la tecnología, lo que Shoshana Zuboff llama «Capitalismo de vigilancia». Todo el saber acumulado en las últimas décadas gracias a las redes sociales, los celulares y la publicidad, entre otras cosas, permitieron desarrollar múltiples herramientas para manipular a los individuos y las poblaciones, pero también para detectar a quienes no ceden.
De alguna manera estos ultraderechistas creen que su archienemigo, China, país que ven como un sistema totalitario tecnológico, es el ejemplo a seguir. Lo que parecen ignorar es que uno de los grandes generadores de consenso a lo largo de la historia ha sido la mejora de las condiciones de vida de las mayorías, como ocurre en China y como pudo comprobar el capitalismo durante los años de posguerra hasta la crisis de los años 70 y el posterior avance de las políticas neoliberales.
En este contexto, la Argentina, según cree Thiel, es un laboratorio libertario en el que probar sus teorías. Podría necesitar de nuestro país, tanto el territorio como el experimento social, para llevarlo adelante. Como marca en su libro De cero a uno, los problemas con los insumos críticos de la industria de la IA requieren de back up territorial. Y Argentina tiene eso que los magnates tecnos necesitan. ¿Puede Palantir aportar el software al sistema de gobierno o de seguridad? La pregunta tiene lugar poco antes de que Milei reciba a Thiel y que la ministra de seguridad Alejandra Monteoliva inaugure con la tutela de Thomas G. Dinanno, funcionario de Seguridad de EEUU, el Centro Regional de Información y Análisis sobre el Crimen Organizado. ¿O se podría pensar incluso a Palantir manejando el software o los datos del sistema electoral argentino? Por ahora son solo preguntas, pero está el antecedente de Cambridge Analytica. También habrá que ver si la compleja realidad nacional entra en sus IA.",web_trafilatura,https://www.tiempoar.com.ar/ta_article/quien-es-peter-thiel-el-magnate-tecnocrata-que-se-reune-con-milei-en-casa-rosada-y-no-cree-en-la-democracia/
fantini-peter-thiel-argentina,"Curiosamente, uno de los nombres que más retumbó en la Argentina de estos días es un nombre desconocido para el 90% o más de los argentinos. Peter Thiel. Peter Thiel fue recibido por segunda vez por el presidente Javier Milay en la Casa Rosada, se anunció que compró una mansión en una zona muy aristocrática de Buenos Aires, barrio Parque, y que va a traer inversiones seguramente parte de su empresa de cabecera que es Palantir Technology. Es una buena noticia para la economía que venga una empresa de la importancia, la capacidad de Palantir Technology. Es una mala noticia para la democracia en Argentina que venga esa empresa y que se haga fuerte en la Argentina, su CEO, su dueño y su creador, Peter Thiel. Es una mala noticia porque Peter Thiel, y ya lo hemos dicho hace un par de años en este, en este espacio hemos explicado que entre las neuronas que están diagramando, diseñando el mundo que viene y que ya está siendo, Peter Thiel es una de las más activas. Él y otros miembros de la OLA Neoreaccionaria, no hay como un movimiento al que llaman Neoreaccionario, lo llaman también el Dark Enligement. El Dark Enligement es la ilustración oscura. El movimiento de la ilustración oscura tiene en personajes como Curtis Darwin, un exmitiano que plantea la teoría de la posdemocracia que en vez de un presidente elegido por el pueblo, gobiernan los sillos de las empresas de innovación tecnológica, es poner el poder, el manos, no de los que han sido elegidos en votaciones libres por la población, sino por los dueños de las empresas de innovación tecnológica más poderosas. Esa es la idea básica de ideólogos como Charvin y como Peter Thiel. Peter Thiel, una de las eminencias del Dark Enligement, de la ilustración oscura. Es autor de libros como La Educación de Un Libertario. Otro libro es De Cero a Uno. Y otro libro, de mi punto de vista, tal vez el más importante, El Momento Stroziano. Stroziano, se escriba. Bueno, en el momento stroziano hay una parte que explica a través de lo que fue el 11S, lo que significó políticamente, para explicar lo que debe ocurrir en este momento de la historia, a esta altura de la historia de la democracia libera. El 11S fue aquel 11 de septiembre del 2001, cuando el mundo estupefacto vio como aviones de pasajeros se incrustaban en las Twin Towers, en las torres gemelas, y ardían como antorchas hasta que se hundieron en el vientre de Manhattan. Paralelamente, otro avión de pasajeros hacía lo mismo en el Pentágono, en Washington. El 11S, explica en el Momento Stroziano Peter Thiel, dejó a la vista que para defender la democracia había que prescindir de la libertad. Él lo plantea en esos términos totales. Pero hay algo de cierto. A partir del 11S, todos fuimos un poco menos libres. A partir del 11S, que fue la irrupción en la historia del terrorismo global, ya con alcance genocida, fue el primer golpe, el primer atentado terrorista, que en términos estadísticos alcanzó el rango de genocidio, 3.500 personas con un solo ataque. La irrupción de esa modalidad de terrorismo, la irrupción de este personaje oscuro, del nombre largo que el mundo se desayunaba, porque había atacado de ese modo tan espectacular. Prácticamente ese atentado terrorista había sido una conferencia de prensa a nivel mundial. El mundo entero vio ese atentado terrorista en tiempo real. Y aparecía el nombre y el rostro de una figura hasta ahí desconocida. Osama Bin Mujama Bin Audaz Bin Laden. Osama Bin Laden, el líder de Alcaeda. Ante esa nueva instancia, las democracias tenían que crear nuevas formas de protegerse. El terrorismo global había irrumpido. Y eso implicaba desafíos para las democracias. Y para defender la democracia había que sacrificar algunas libertades. Desde ese momento ya no pudimos entrar libremente en un aeropuerto, subir tranquilamente un avión, tuvimos que pasar por los escáneros, poner nuestras balijas, que las vean los escáneros. Y muchísimas cosas más que imperceptiblemente fueron libertades que perdimos a partir de esa modalidad. La modalidad de terrorismo y la amenaza que implicaba. Entonces con ese ejemplo que Peter Thiel en el momento estrociano plantea diciendo, el 11S hizo que para defender la democracia se sacrificara la libertad. Este momento de la historia, el momento de la mayor aceleración de la innovación tecnológica, lo que nos dice es que para defender la libertad hay que sacrificar la democracia. Esa es una de las bases fundamentales del razonamiento de Thiel. Para defender la libertad hay que sacrificar la democracia. La libertad le pongo comillas, lo que él entiende por libertad. La libertad en la cabeza de los teóricos libertarios como Rottweil, por ejemplo, no es lo que significa libertad para usted, para mí. No tiene que ver exclusivamente con la libertad de mercado, o fundamentalmente con la libertad de mercado. Bueno, Thiel nos enseño que la libertad y la democracia son incompatibles. Esa es la visión de este neo-reaccionarismo que avanza en el mundo y que tiene a intelectuales como Curtin-Jarwin, a empresarios mega-millonarios como Elon Musk y otros mega-millonarios en el campo de la innovación tecnológica como Peter Thiel, como cabeza de proa, son ellos. Peter Thiel fue quien financió la campaña del oscuro vicepresidente que tiene Estados Unidos, J. D. Vance, y lo va a seguir financiando hasta que sea presidente. Y va a ser el último presidente elegido por el pueblo. El gris J. D. Vance tiene como objetivo acelerar el camino al sistema político por el cual está trabajando él y también Donald Trump, poner el poder en manos de los CEOs de las empresas más avanzadas de la innovación tecnológica. Peter Thiel es un discípulo de un filósofo francés, René Girard, que es el autor de la teoría del deseo mimético. Son todas formas de estudio casi de mercado. Cuando ellos hablan de libertad, no hablan de libertad en los términos en los que la entiende la mayoría de la gente, hablan de libertad en términos casi exclusivamente económicos. Por cierto que la libertad, en mi punto de vista, tiene que incluir también libertad de mercado, por lo menos ciertas dosis de libertad de mercado, pero reducir libertad de mercado, bueno, eso ya es un ideologismo. Thiel es un impulsor de ese ideologismo que señala que hay que poner el poder en manos de monopolios creativos. Él usa ese término en su libro de cero a uno, los monopolios creativos. Y esto se señala a Murray Rodbar, el ideólogo, el teórico de Cabecera de Javier Emilei. Murray Rodbar, igual que Thiel en el tercero de sus libros, llega a quitar la importancia al libre mercado, a la libre competencia, le quita importancia, porque la idea, la ideología de Murray a lo que está apuntada es a dejar la economía en manos no de muchísimas empresas compitiendo entre sí, sino de lo que Thiel llama monopolios creativos, monopolios al fin. En Estados Unidos existe una ley anti-monopolio, porque hasta acá la democracia liberal siempre entendió que los monopolios son anti-libertad de mercado. Si hay monopolios, no hay libertad de mercado. Y Peter Thiel, igual que Murray Rodbar, no tienen como objetivo principal la libertad de mercado, la libertad de mercado hasta que se llega a todo el poder en manos de los monopolios creativos. Esa es la ideología, sacar del poder a los presidentes que lleguen a ese cargo por el voto de la gente y poner a los ceos de las grandes empresas. El cratos, el manos de quienes tienen el conocimiento en el terreno de la innovación tecnológica. Por eso yo hace tiempo que escribo al respecto y los explico como una suerte de tergiversación de la teoría platónica. Eso que Platón, en uno de sus libros más importantes, la República, llamó la sofocracia. El cratos, el poder, el manos del sofos, el conocimiento. Pero la sofocracia de Platón tenía que dejar el poder en manos de los filósofos. Para Platón, el conocimiento era lo que poseían los filósofos. Para Peter Thiel, el conocimiento es lo que poseen los tecnócratas del Silicon Valley. Todo el poder tiene que salir de Washington y viajar hasta el norte de California e imperar desde el Silicon Valley. Eso es algo que debemos tener en cuenta cuando estos ideólogos se aproximan a la Argentina. Saber qué es el teórico de los existed, la ciudad de flotantes. Thiel propone crear ciudad de flotantes en Altamar para que en ellas no rija ninguna ley de ningún estado. En los buques que atraviesan el océano, en Altamar las leyes que rigen en ese buque son las del país de la bandera. Por eso todos los buques tienen que tener una bandera arriba porque en su interior tiene que imperar alguna ley. Bueno, lo que quiere crear Thiel son buques sin bandera, ciudad de flotantes donde no rija ninguna ley. Y la no ley es la ley de la selva, es la ley del más fuerte, necesaria, inexorablemente, es la ley del más fuerte. Eso hay que agregar que Palantir Technology fue la proveedora de análisis masivo de datos y de vigilancia predictiva que tiene la CIA, el Pentágono y el ICE, o ICE. La policía anti inmigrantes con la quiso su guerra a los inmigrantes, la cacería humana que lanzó Donald Trump contra los inmigrantes. Bueno, a esa jauría de lobos feroces que Trump lanzó sobre los inmigrantes también a la CIA y al Pentágono, quien los provee de análisis masivo de datos y de vigilancia predictiva, es Palantir, la empresa de Peter Thiel. Es una empresa que está desarrollando, ya desarrollado en una gran intensidad, eso es el análisis masivo de datos, lo que permite hacer vigilancia predictiva. Si yo sé quién está al igual y aquel puedo predecir que pueden llegar a hacer, es un nuevo totalitarismo. Todas las personas del mundo van a estar en ese análisis masivo de datos. Parece imposible porque es un número infinito, más de 7000 millones de personas. No es infinito para la inteligencia artificial que está manejando el análisis masivo de datos. Y eso es el totalitarismo. Por eso los reality shows se llama Grande Armando, the Big Brother, que fue la imagen que usó George Orwell cuando escribió 1984. La novela que retrata el totalitarismo que viene, el Big Brother era eso, el estado que podía verlo a todos. Cuando pierdo la intimidad, porque soy observado hasta mi propia intimidad, se diluye el individuo, se pierden las libertades individuales y los derechos individuales. Eso es el totalitarismo. En los reality shows van a mostrar su intimidad y a entregar su individualidad personas desesperadas por existir y que entienden que existir es ser percibido por quien está del otro lado de la pantalla. Una cosa triste, miserable de la condición humana. En el totalitarismo el Big Brother es el estado, en el caso de los totalitarismos comunistas, los totalitarismos nazis que existieron. El totalitarismo que viene es el totalitarismo de la tecnología de avanzada, aquella que puede hacer análisis masivo de datos. Por eso le digo, puede ser en el corto y mediano plazo una muy buena noticia que se instale la Argentina Peter Thiel, que lo reciba cada rato el presidente argentino, que le encanta recibir e idolatrar a mega millonarios. Pero no es una buena noticia para la democracia. Para la economía tal vez sí. Para la democracia es una noticia inquietante.",audio_whisper,https://www.youtube.com/watch?v=pXck4dbK-I8
"Quién es Peter Thiel, el magnate tecnológico de Sillicon Valley que ...","Quién es Peter Thiel, el magnate tecnológico de Sillicon Valley que ...",json_playwright,https://www.ambito.com/negocios/quien-es-peter-thiel-el-magnate-tecnologico-sillicon-valley-que-llego-perfil-la-argentina-n6269163
"De cuánto es la fortuna de Peter Thiel, el magnate creador de ...","De cuánto es la fortuna de Peter Thiel, el magnate creador de ...",json_playwright,https://www.ambito.com/negocios/de-cuanto-es-la-fortuna-peter-thiel-el-magnate-creador-paypal-y-palantir-n6271327
El magnate tech Peter Thiel compró la casa más cara de Buenos ...,El magnate tech Peter Thiel compró la casa más cara de Buenos ...,json_playwright,https://www.ambito.com/real-estate/el-magnate-tech-peter-thiel-compro-la-casa-mas-cara-buenos-aires-su-visita-la-argentina-n6270040
Elisa Carrió cuestionó la visita de Peter Thiel y advirtió sobre su ...,Elisa Carrió cuestionó la visita de Peter Thiel y advirtió sobre su ...,json_playwright,https://www.ambito.com/politica/elisa-carrio-cuestiono-la-visita-peter-thiel-y-advirtio-su-influencia-la-argentina-n6270402
Los 22 puntos del manifiesto de Palantir: los ejes más oscuros de la ...,Los 22 puntos del manifiesto de Palantir: los ejes más oscuros de la ...,json_playwright,https://www.ambito.com/negocios/los-22-puntos-del-manifiesto-palantir-los-ejes-mas-oscuros-la-empresa-del-magnate-que-se-reunio-milei-n6270497
"De cuánto es la fortuna de Peter Thiel, el multimillonario que está ...","De cuánto es la fortuna de Peter Thiel, el multimillonario que está ...",json_playwright,https://www.ambito.com/negocios/de-cuanto-es-la-fortuna-peter-thiel-el-multimillonario-que-esta-obsesionado-el-anticristo-n6247702
Trabajó con Elon Musk para crear PayPal y hoy es multimillonario,Trabajó con Elon Musk para crear PayPal y hoy es multimillonario,json_playwright,https://www.ambito.com/negocios/trabajo-elon-musk-crear-paypal-y-hoy-es-multimillonario-quien-es-peter-thiel-n6201232
Javier Milei recibió al magnate de Sillicon Valley Peter Thiel,Javier Milei recibió al magnate de Sillicon Valley Peter Thiel,json_playwright,https://www.ambito.com/politica/javier-milei-se-reunira-peter-thiel-fundador-paypal-y-palantir-n6269616
